model,rmse,rmse_vs_rw,ic,dm_t_vs_lgbm,rmse_ci_low,rmse_ci_high,n
var2,0.1273096886480266,0.6859222457946174,-0.001249604810227251,-1.1787302475059274,0.08977287047892425,0.1411110772650879,63
garch11,0.13046174098118374,0.7029049502390431,-0.2900528543578706,-0.45696370483545856,0.07067583256960983,0.13720603367542936,63
lgbm_full,0.1401493012852496,0.7550998239411291,0.21316982052777503,,0.09288868606946388,0.1605481018594004,63
lgbm_regime,0.14930155648804222,0.8044105677615861,-0.0011824607919641624,3.4298876301782038,0.10614960308610696,0.17238250844650319,63
lgbm_sentiment,0.16316161356071093,0.8790861213277432,0.19559060266469633,2.9007339104429892,0.11615408424318495,0.192366091023083,63
uncond_mean,0.17817085331618268,0.9599532693827991,6.531742727679129e-16,3.643200564606642,0.13179409900021063,0.20804096397169416,63
random_walk,0.18560367363584004,1.0,-0.14472378239055503,2.1239367336857127,0.11920915153356507,0.22392725185635146,63
